-- Adminer 4.8.1 MySQL 8.0.33 dump

SET NAMES utf8;
SET time_zone = '+00:00';
SET foreign_key_checks = 0;
SET sql_mode = 'NO_AUTO_VALUE_ON_ZERO';

SET NAMES utf8mb4;

DROP TABLE IF EXISTS `acting_areas`;
CREATE TABLE `acting_areas` (
                                `id` int NOT NULL AUTO_INCREMENT,
                                `name` varchar(30) DEFAULT NULL,
                                `id_ong` int DEFAULT NULL,
                                PRIMARY KEY (`id`),
                                KEY `acting_areas_ongs_id_acting_areas_fk` (`id_ong`)
) ENGINE=MyISAM DEFAULT CHARSET=utf8mb4 COLLATE=utf8mb4_0900_ai_ci;

INSERT INTO `acting_areas` (`id`, `name`, `id_ong`) VALUES
                        (1,	'saúde',	NULL),
                        (2,	'educação',	NULL),
                        (3,	'meio ambiente',	NULL),
                        (4,	'direitos humanos',	NULL),
                        (5,	'cultura',	NULL),
                        (6,	'esportes',	NULL),
                        (7,	'outros',	NULL),
                        (8,	'saúde',	NULL),
                        (9,	'educação',	NULL),
                        (10,	'meio ambiente',	NULL),
                        (11,	'direitos humanos',	NULL),
                        (12,	'cultura',	NULL),
                        (13,	'esportes',	NULL),
                        (14,	'outros',	NULL),
                        (15,	'saúde',	NULL),
                        (16,	'educação',	NULL),
                        (17,	'meio ambiente',	NULL),
                        (18,	'direitos humanos',	NULL),
                        (19,	'cultura',	NULL),
                        (20,	'esportes',	NULL),
                        (21,	'outros',	NULL);

DROP TABLE IF EXISTS `logs`;
CREATE TABLE `logs` (
                        `id` int NOT NULL AUTO_INCREMENT,
                        `log_system` varchar(100) DEFAULT NULL,
                        `id_user` int DEFAULT NULL,
                        `message` varchar(100) DEFAULT NULL,
                        `created_on` timestamp NULL DEFAULT NULL,
                        `id_ong` int DEFAULT NULL,
                        `username` varchar(100) DEFAULT NULL,
                        PRIMARY KEY (`id`)
) ENGINE=InnoDB DEFAULT CHARSET=utf8mb4 COLLATE=utf8mb4_0900_ai_ci;

INSERT INTO `logs` (`id`, `log_system`, `id_user`, `message`, `created_on`, `id_ong`, `username`) VALUES
                  (1,	'CREATE_ONG',	12,	'criando uma nova ong',	'2023-10-01 01:49:28',	7,	NULL),
                  (2,	'LOGIN',	7,	'novo login',	'2023-10-01 01:51:07',	7,	NULL),
                  (3,	'LOGIN',	7,	'novo login',	'2023-10-01 01:52:32',	7,	NULL),
                  (4,	'UPDATE_ONG',	12,	'alterando ong',	'2023-10-01 01:55:40',	8,	NULL),
                  (5,	'UPDATE_ONG',	12,	'alterando ong',	'2023-10-01 01:56:24',	9,	NULL),
                  (6,	'UPDATE_ONG',	12,	'alterando ong',	'2023-10-01 02:00:05',	7,	NULL),
                  (7,	'LOGIN',	7,	'novo login',	'2023-10-01 15:36:57',	7,	NULL),
                  (8,	'LOGIN',	8,	'novo login',	'2023-10-01 15:36:57',	8,	NULL),
                  (9,	'LOGIN',	9,	'novo login',	'2023-10-01 15:36:57',	9,	NULL),
                  (10,	'CREATE_ONG',	12,	'criando uma nova ong',	'2023-10-01 15:43:37',	10,	NULL),
                  (11,	'UPDATE_ONG',	12,	'alterando ong',	'2023-10-01 15:45:00',	10,	NULL),
                  (12,	'CREATE_ONG',	12,	'criando uma nova ong',	'2023-10-01 15:52:33',	11,	NULL),
                  (13,	'UPDATE_ONG',	12,	'alterando ong',	'2023-10-01 15:53:45',	11,	NULL),
                  (14,	'LOGIN',	7,	'novo login',	'2023-10-01 15:54:14',	7,	NULL),
                  (15,	'LOGIN',	8,	'novo login',	'2023-10-01 15:54:14',	8,	NULL),
                  (16,	'LOGIN',	9,	'novo login',	'2023-10-01 15:54:14',	9,	NULL),
                  (17,	'LOGIN',	11,	'novo login',	'2023-10-01 15:54:14',	11,	NULL),
                  (18,	'UPDATE_ADMIN',	12,	'update admin',	'2023-10-01 16:00:41',	7,	NULL),
                  (19,	'UPDATE_ADMIN',	12,	'update admin',	'2023-10-01 16:00:41',	8,	NULL),
                  (20,	'UPDATE_ADMIN',	12,	'update admin',	'2023-10-01 16:00:41',	9,	NULL),
                  (21,	'UPDATE_ADMIN',	12,	'update admin',	'2023-10-01 16:00:41',	11,	NULL),
                  (22,	'LOGIN',	7,	'novo login',	'2023-10-01 16:30:20',	7,	NULL),
                  (23,	'LOGIN',	8,	'novo login',	'2023-10-01 16:30:20',	8,	NULL),
                  (24,	'LOGIN',	9,	'novo login',	'2023-10-01 16:30:20',	9,	NULL),
                  (25,	'LOGIN',	11,	'novo login',	'2023-10-01 16:30:20',	11,	NULL),
                  (26,	'LOGIN',	7,	'novo login',	'2023-10-01 16:32:49',	7,	NULL),
                  (27,	'LOGIN',	8,	'novo login',	'2023-10-01 16:32:49',	8,	NULL),
                  (28,	'LOGIN',	9,	'novo login',	'2023-10-01 16:32:49',	9,	NULL),
                  (29,	'LOGIN',	11,	'novo login',	'2023-10-01 16:32:49',	11,	NULL),
                  (30,	'UPDATE_ADMIN',	12,	'update admin',	'2023-10-01 16:37:32',	7,	NULL),
                  (31,	'UPDATE_ADMIN',	12,	'update admin',	'2023-10-01 16:37:32',	8,	NULL),
                  (32,	'UPDATE_ADMIN',	12,	'update admin',	'2023-10-01 16:37:32',	9,	NULL),
                  (33,	'UPDATE_ADMIN',	12,	'update admin',	'2023-10-01 16:37:32',	11,	NULL),
                  (34,	'LOGIN',	7,	'novo login',	'2023-10-01 16:37:37',	7,	NULL),
                  (35,	'LOGIN',	8,	'novo login',	'2023-10-01 16:37:37',	8,	NULL),
                  (36,	'LOGIN',	9,	'novo login',	'2023-10-01 16:37:37',	9,	NULL),
                  (37,	'LOGIN',	11,	'novo login',	'2023-10-01 16:37:37',	11,	NULL),
                  (38,	'LOGIN',	7,	'novo login',	'2023-10-01 16:37:40',	7,	NULL),
                  (39,	'LOGIN',	8,	'novo login',	'2023-10-01 16:37:40',	8,	NULL),
                  (40,	'LOGIN',	9,	'novo login',	'2023-10-01 16:37:40',	9,	NULL),
                  (41,	'LOGIN',	11,	'novo login',	'2023-10-01 16:37:40',	11,	NULL),
                  (42,	'UPDATE_ADMIN',	12,	'update admin',	'2023-10-01 16:37:49',	7,	NULL),
                  (43,	'UPDATE_ADMIN',	12,	'update admin',	'2023-10-01 16:37:49',	8,	NULL),
                  (44,	'UPDATE_ADMIN',	12,	'update admin',	'2023-10-01 16:37:49',	9,	NULL),
                  (45,	'UPDATE_ADMIN',	12,	'update admin',	'2023-10-01 16:37:49',	11,	NULL),
                  (46,	'LOGIN',	7,	'novo login',	'2023-10-01 16:37:52',	7,	NULL),
                  (47,	'LOGIN',	8,	'novo login',	'2023-10-01 16:37:52',	8,	NULL),
                  (48,	'LOGIN',	9,	'novo login',	'2023-10-01 16:37:52',	9,	NULL),
                  (49,	'LOGIN',	11,	'novo login',	'2023-10-01 16:37:52',	11,	NULL),
                  (50,	'UPDATE_ADMIN',	12,	'update admin',	'2023-10-01 16:38:25',	7,	NULL),
                  (51,	'UPDATE_ADMIN',	12,	'update admin',	'2023-10-01 16:38:25',	8,	NULL),
                  (52,	'UPDATE_ADMIN',	12,	'update admin',	'2023-10-01 16:38:25',	9,	NULL),
                  (53,	'UPDATE_ADMIN',	12,	'update admin',	'2023-10-01 16:38:25',	11,	NULL),
                  (54,	'LOGIN',	7,	'novo login',	'2023-10-01 16:38:43',	7,	NULL),
                  (55,	'LOGIN',	8,	'novo login',	'2023-10-01 16:38:43',	8,	NULL),
                  (56,	'LOGIN',	9,	'novo login',	'2023-10-01 16:38:43',	9,	NULL),
                  (57,	'LOGIN',	11,	'novo login',	'2023-10-01 16:38:43',	11,	NULL),
                  (58,	'CREATE_VACANCIES',	12,	'create vacancies',	'2023-10-01 16:40:32',	11,	NULL),
                  (59,	'UPDATE_VACANCIES',	12,	'update vacancies',	'2023-10-01 16:41:18',	11,	NULL),
                  (60,	'UPDATE_VACANCIES',	12,	'update vacancies',	'2023-10-01 16:41:46',	11,	NULL),
                  (61,	'CREATE_VACANCIES',	12,	'create vacancies',	'2023-10-01 16:42:43',	11,	NULL),
                  (62,	'UPDATE_VACANCIES',	12,	'update vacancies',	'2023-10-01 16:43:06',	11,	NULL),
                  (63,	'UPDATE_VACANCIES',	12,	'update vacancies',	'2023-10-01 16:45:41',	11,	NULL),
                  (64,	'UPDATE_VACANCIES',	12,	'update vacancies',	'2023-10-01 16:45:54',	11,	NULL),
                  (65,	'UPDATE_VACANCIES',	12,	'update vacancies',	'2023-10-01 16:46:45',	11,	NULL),
                  (66,	'UPDATE_VACANCIES',	12,	'update vacancies',	'2023-10-01 16:46:59',	11,	NULL),
                  (67,	'DELETE_VACANCIES',	12,	'delete vacancies',	'2023-10-01 16:47:40',	11,	NULL),
                  (68,	'LOGIN',	7,	'novo login',	'2023-10-01 17:16:04',	7,	NULL),
                  (69,	'LOGIN',	8,	'novo login',	'2023-10-01 17:16:04',	8,	NULL),
                  (70,	'LOGIN',	9,	'novo login',	'2023-10-01 17:16:04',	9,	NULL),
                  (71,	'LOGIN',	11,	'novo login',	'2023-10-01 17:16:04',	11,	NULL),
                  (72,	'LOGIN',	7,	'novo login',	'2023-10-01 23:13:20',	7,	NULL),
                  (73,	'LOGIN',	8,	'novo login',	'2023-10-01 23:13:20',	8,	NULL),
                  (74,	'LOGIN',	9,	'novo login',	'2023-10-01 23:13:20',	9,	NULL),
                  (75,	'LOGIN',	11,	'novo login',	'2023-10-01 23:13:20',	11,	NULL),
                  (76,	'CREATE_ONG',	17,	'criando uma nova ong',	'2023-10-03 00:13:29',	12,	NULL),
                  (77,	'LOGIN',	12,	'novo login',	'2023-10-03 01:02:26',	12,	NULL),
                  (78,	'LOGIN',	12,	'novo login',	'2023-10-03 01:11:28',	12,	NULL),
                  (79,	'LOGIN',	12,	'novo login',	'2023-10-03 01:17:00',	12,	NULL),
                  (80,	'LOGIN',	12,	'novo login',	'2023-10-03 01:22:26',	12,	NULL),
                  (81,	'LOGIN',	12,	'novo login',	'2023-10-03 01:22:44',	12,	NULL),
                  (82,	'LOGIN',	12,	'novo login',	'2023-10-03 01:32:04',	12,	NULL),
                  (83,	'LOGIN',	12,	'novo login',	'2023-10-03 01:34:16',	12,	NULL),
                  (84,	'LOGIN',	12,	'novo login',	'2023-10-03 01:37:55',	12,	NULL),
                  (85,	'LOGIN',	12,	'novo login',	'2023-10-03 01:38:17',	12,	NULL),
                  (86,	'LOGIN',	12,	'novo login',	'2023-10-03 01:39:22',	12,	NULL),
                  (87,	'LOGIN',	12,	'novo login',	'2023-10-03 01:39:53',	12,	NULL),
                  (88,	'LOGIN',	12,	'novo login',	'2023-10-03 01:42:24',	12,	NULL),
                  (89,	'UPDATE_ADMIN',	17,	'update admin',	'2023-10-03 01:42:28',	12,	NULL),
                  (90,	'LOGIN',	12,	'novo login',	'2023-10-03 01:42:34',	12,	NULL),
                  (91,	'LOGIN',	12,	'novo login',	'2023-10-03 01:48:38',	12,	NULL),
                  (92,	'UPDATE_ONG',	17,	'alterando ong',	'2023-10-03 02:09:08',	12,	NULL),
                  (93,	'UPDATE_ONG',	17,	'alterando ong',	'2023-10-03 02:10:40',	12,	NULL),
                  (94,	'UPDATE_ONG',	17,	'alterando ong',	'2023-10-03 02:11:45',	12,	NULL),
                  (95,	'UPDATE_ONG',	17,	'alterando ong',	'2023-10-03 02:12:10',	12,	NULL),
                  (96,	'UPDATE_ONG',	17,	'alterando ong',	'2023-10-03 02:13:03',	12,	NULL),
                  (97,	'UPDATE_ONG',	17,	'alterando ong',	'2023-10-03 02:16:16',	12,	NULL),
                  (98,	'LOGIN',	12,	'novo login',	'2023-10-03 02:20:46',	12,	NULL),
                  (99,	'UPDATE_ONG',	17,	'alterando ong',	'2023-10-03 02:21:20',	12,	NULL),
                  (100,	'UPDATE_ONG',	17,	'alterando ong',	'2023-10-03 02:23:11',	12,	NULL),
                  (101,	'UPDATE_ONG',	17,	'alterando ong',	'2023-10-03 02:39:44',	12,	NULL),
                  (102,	'UPDATE_ONG',	17,	'alterando ong',	'2023-10-03 02:40:08',	12,	NULL),
                  (103,	'LOGIN',	12,	'novo login',	'2023-10-03 02:42:45',	12,	NULL),
                  (104,	'UPDATE_ONG',	17,	'alterando ong',	'2023-10-03 02:43:34',	12,	NULL),
                  (105,	'UPDATE_ONG',	17,	'alterando ong',	'2023-10-03 02:52:21',	12,	NULL),
                  (106,	'CREATE_ONG',	17,	'criando uma nova ong',	'2023-10-03 02:58:42',	13,	NULL),
                  (107,	'UPDATE_ONG',	17,	'alterando ong',	'2023-10-03 02:59:02',	13,	NULL),
                  (108,	'LOGIN',	12,	'novo login',	'2023-10-03 03:02:14',	12,	NULL),
                  (109,	'LOGIN',	13,	'novo login',	'2023-10-03 03:02:14',	13,	NULL),
                  (110,	'CREATE_ONG',	17,	'criando uma nova ong',	'2023-10-03 03:03:42',	14,	NULL),
                  (111,	'CREATE_ONG',	17,	'criando uma nova ong',	'2023-10-03 03:04:43',	15,	NULL),
                  (112,	'CREATE_ONG',	17,	'criando uma nova ong',	'2023-10-03 03:05:32',	16,	NULL),
                  (113,	'CREATE_ONG',	17,	'criando uma nova ong',	'2023-10-03 03:06:05',	17,	NULL),
                  (114,	'CREATE_ONG',	17,	'criando uma nova ong',	'2023-10-03 03:08:18',	18,	NULL),
                  (115,	'CREATE_ONG',	17,	'criando uma nova ong',	'2023-10-03 03:08:55',	19,	NULL),
                  (116,	'CREATE_ONG',	17,	'criando uma nova ong',	'2023-10-03 03:09:21',	20,	NULL),
                  (117,	'CREATE_ONG',	17,	'criando uma nova ong',	'2023-10-03 03:09:40',	21,	NULL),
                  (118,	'LOGIN',	12,	'novo login',	'2023-10-03 03:22:44',	12,	NULL),
                  (119,	'UPDATE_ONG',	17,	'alterando ong',	'2023-10-03 03:23:01',	12,	NULL),
                  (120,	'UPDATE_ONG',	17,	'alterando ong',	'2023-10-03 03:23:31',	12,	NULL),
                  (121,	'CREATE_VACANCIES',	17,	'create vacancies',	'2023-10-03 13:28:45',	12,	NULL),
                  (122,	'CREATE_VACANCIES',	17,	'create vacancies',	'2023-10-03 13:31:55',	12,	NULL),
                  (123,	'DELETE_VACANCIES',	17,	'delete vacancies',	'2023-10-03 13:41:54',	12,	NULL),
                  (124,	'UPDATE_VACANCIES',	17,	'update vacancies',	'2023-10-03 14:04:12',	12,	NULL),
                  (125,	'UPDATE_VACANCIES',	17,	'update vacancies',	'2023-10-03 14:09:56',	12,	NULL),
                  (126,	'CREATE_VACANCIES',	17,	'create vacancies',	'2023-10-03 14:12:57',	12,	NULL),
                  (127,	'CREATE_VACANCIES',	17,	'create vacancies',	'2023-10-03 14:13:21',	12,	NULL),
                  (128,	'UPDATE_VACANCIES',	17,	'update vacancies',	'2023-10-03 14:15:11',	12,	NULL),
                  (129,	'UPDATE_VACANCIES',	17,	'update vacancies',	'2023-10-03 14:22:14',	12,	NULL),
                  (130,	'UPDATE_VACANCIES',	17,	'update vacancies',	'2023-10-03 14:22:56',	12,	NULL),
                  (131,	'UPDATE_VACANCIES',	17,	'update vacancies',	'2023-10-03 14:24:06',	12,	NULL),
                  (132,	'CREATE_VACANCIES',	17,	'create vacancies',	'2023-10-03 14:24:20',	12,	NULL),
                  (133,	'CREATE_VACANCIES',	17,	'create vacancies',	'2023-10-03 14:30:17',	12,	NULL),
                  (134,	'UPDATE_VACANCIES',	17,	'update vacancies',	'2023-10-03 14:30:58',	12,	NULL),
                  (135,	'UPDATE_VACANCIES',	17,	'update vacancies',	'2023-10-03 14:31:02',	12,	NULL),
                  (136,	'UPDATE_VACANCIES',	17,	'update vacancies',	'2023-10-03 14:31:19',	12,	NULL),
                  (137,	'UPDATE_VACANCIES',	17,	'update vacancies',	'2023-10-03 14:31:48',	12,	NULL),
                  (138,	'UPDATE_VACANCIES',	17,	'update vacancies',	'2023-10-03 14:31:56',	12,	NULL),
                  (139,	'UPDATE_VACANCIES',	17,	'update vacancies',	'2023-10-03 14:32:11',	12,	NULL),
                  (140,	'UPDATE_ONG',	17,	'alterando ong',	'2023-10-03 15:05:19',	12,	NULL),
                  (141,	'UPDATE_ONG',	17,	'alterando ong',	'2023-10-03 15:05:39',	12,	NULL),
                  (142,	'UPDATE_VACANCIES',	17,	'update vacancies',	'2023-10-03 15:05:51',	12,	NULL),
                  (143,	'UPDATE_VACANCIES',	17,	'update vacancies',	'2023-10-03 15:06:03',	12,	NULL),
                  (144,	'UPDATE_VACANCIES',	17,	'update vacancies',	'2023-10-03 15:06:32',	12,	NULL),
                  (145,	'UPDATE_VACANCIES',	17,	'update vacancies',	'2023-10-03 15:06:49',	12,	NULL),
                  (146,	'CREATE_VACANCIES',	17,	'create vacancies',	'2023-10-03 15:07:43',	12,	NULL),
                  (147,	'DELETE_VACANCIES',	17,	'delete vacancies',	'2023-10-03 15:08:07',	12,	NULL),
                  (148,	'DELETE_VACANCIES',	17,	'delete vacancies',	'2023-10-03 15:08:20',	12,	NULL),
                  (149,	'DELETE_VACANCIES',	17,	'delete vacancies',	'2023-10-03 15:09:01',	12,	NULL),
                  (150,	'DELETE_VACANCIES',	17,	'delete vacancies',	'2023-10-03 15:10:28',	12,	NULL),
                  (151,	'DELETE_VACANCIES',	17,	'delete vacancies',	'2023-10-03 15:10:48',	12,	NULL),
                  (152,	'CREATE_VACANCIES',	17,	'create vacancies',	'2023-10-03 15:11:06',	12,	NULL),
                  (153,	'CREATE_VACANCIES',	17,	'create vacancies',	'2023-10-03 15:11:13',	12,	NULL),
                  (154,	'DELETE_VACANCIES',	17,	'delete vacancies',	'2023-10-03 15:11:27',	12,	NULL),
                  (155,	'UPDATE_VACANCIES',	17,	'update vacancies',	'2023-10-03 15:11:44',	12,	NULL),
                  (156,	'CREATE_ONG',	17,	'criando uma nova ong',	'2023-10-03 15:18:23',	22,	NULL),
                  (157,	'CREATE_VACANCIES',	17,	'create vacancies',	'2023-10-03 15:18:35',	22,	NULL),
                  (158,	'DELETE_VACANCIES',	17,	'delete vacancies',	'2023-10-03 15:18:39',	22,	NULL),
                  (159,	'CREATE_EMPLOYEES',	17,	'create empĺoyee',	'2023-10-03 18:29:44',	12,	NULL),
                  (160,	'CREATE_VACANCIES',	22,	'create vacancies',	'2023-10-03 20:13:35',	5,	NULL),
                  (161,	'CREATE_EMPLOYEES',	17,	'create empĺoyee',	'2023-10-03 20:51:54',	12,	NULL),
                  (162,	'UPDATE_ONG',	17,	'alterando ong',	'2023-10-03 23:01:32',	12,	NULL),
                  (163,	'UPDATE_ONG',	17,	'alterando ong',	'2023-10-03 23:02:51',	12,	NULL),
                  (164,	'UPDATE_VACANCIES',	24,	'update vacancies',	'2023-10-05 18:08:40',	12,	NULL),
                  (165,	'UPDATE_VACANCIES',	24,	'update vacancies',	'2023-10-05 18:08:56',	12,	NULL),
                  (166,	'CREATE_VACANCIES',	24,	'create vacancies',	'2023-10-05 18:10:04',	12,	NULL),
                  (167,	'UPDATE_VACANCIES',	24,	'update vacancies',	'2023-10-05 18:10:13',	12,	NULL),
                  (168,	'DELETE_VACANCIES',	24,	'delete vacancies',	'2023-10-05 18:10:18',	12,	NULL),
                  (169,	'CREATE_VACANCIES',	24,	'create vacancies',	'2023-10-05 18:10:47',	12,	NULL),
                  (170,	'DELETE_VACANCIES',	24,	'delete vacancies',	'2023-10-05 18:10:56',	12,	NULL),
                  (171,	'CREATE_VACANCIES',	24,	'create vacancies',	'2023-10-05 18:13:34',	12,	NULL),
                  (172,	'DELETE_VACANCIES',	24,	'delete vacancies',	'2023-10-05 18:15:04',	12,	NULL),
                  (173,	'CREATE_VACANCIES',	24,	'create vacancies',	'2023-10-05 18:22:14',	12,	NULL),
                  (174,	'CREATE_VACANCIES',	24,	'create vacancies',	'2023-10-05 18:23:19',	12,	NULL),
                  (175,	'CREATE_VACANCIES',	24,	'create vacancies',	'2023-10-05 18:24:08',	12,	NULL),
                  (176,	'CREATE_VACANCIES',	24,	'create vacancies',	'2023-10-05 18:24:42',	12,	NULL),
                  (177,	'CREATE_EMPLOYEES',	17,	'create empĺoyee',	'2023-10-05 18:29:13',	12,	NULL),
                  (178,	'CREATE_EMPLOYEES',	17,	'create empĺoyee',	'2023-10-05 18:29:53',	5,	NULL),
                  (179,	'DELETE_VACANCIES',	26,	'delete vacancies',	'2023-10-05 18:31:06',	12,	NULL),
                  (180,	'CREATE_ONG',	17,	'criando uma nova ong',	'2023-10-05 18:47:57',	23,	NULL),
                  (181,	'CREATE_ONG',	17,	'criando uma nova ong',	'2023-10-05 19:13:18',	24,	NULL),
                  (182,	'CREATE_ONG',	17,	'criando uma nova ong',	'2023-10-05 19:16:21',	25,	NULL),
                  (183,	'CREATE_ONG',	17,	'criando uma nova ong',	'2023-10-05 19:46:36',	26,	NULL),
                  (184,	'CREATE_ONG',	17,	'criando uma nova ong',	'2023-10-05 19:58:40',	27,	NULL),
                  (185,	'CREATE_VACANCIES',	17,	'create vacancies',	'2023-10-05 20:01:16',	12,	NULL),
                  (186,	'CREATE_EMPLOYEES',	17,	'create empĺoyee',	'2023-10-05 20:04:19',	12,	NULL),
                  (187,	'UPDATE_ADMIN',	17,	'update admin',	'2023-10-06 13:56:02',	12,	NULL),
                  (188,	'UPDATE_ADMIN',	17,	'update admin',	'2023-10-06 13:56:02',	23,	NULL),
                  (189,	'UPDATE_ADMIN',	17,	'update admin',	'2023-10-06 13:56:02',	22,	NULL),
                  (190,	'UPDATE_ADMIN',	17,	'update admin',	'2023-10-06 13:56:02',	25,	NULL),
                  (191,	'UPDATE_ADMIN',	17,	'update admin',	'2023-10-06 13:56:02',	27,	NULL),
                  (192,	'UPDATE_ADMIN',	17,	'update admin',	'2023-10-06 13:56:12',	12,	NULL),
                  (193,	'UPDATE_ADMIN',	17,	'update admin',	'2023-10-06 13:56:12',	23,	NULL),
                  (194,	'UPDATE_ADMIN',	17,	'update admin',	'2023-10-06 13:56:12',	22,	NULL),
                  (195,	'UPDATE_ADMIN',	17,	'update admin',	'2023-10-06 13:56:12',	25,	NULL),
                  (196,	'UPDATE_ADMIN',	17,	'update admin',	'2023-10-06 13:56:12',	27,	NULL),
                  (197,	'UPDATE_ADMIN',	17,	'update admin',	'2023-10-06 13:56:44',	12,	NULL),
                  (198,	'UPDATE_ADMIN',	17,	'update admin',	'2023-10-06 13:56:44',	23,	NULL),
                  (199,	'UPDATE_ADMIN',	17,	'update admin',	'2023-10-06 13:56:44',	22,	NULL),
                  (200,	'UPDATE_ADMIN',	17,	'update admin',	'2023-10-06 13:56:44',	25,	NULL),
                  (201,	'UPDATE_ADMIN',	17,	'update admin',	'2023-10-06 13:56:44',	27,	NULL),
                  (202,	'UPDATE_ADMIN',	17,	'update admin',	'2023-10-06 13:57:23',	12,	NULL),
                  (203,	'UPDATE_ADMIN',	17,	'update admin',	'2023-10-06 13:57:23',	23,	NULL),
                  (204,	'UPDATE_ADMIN',	17,	'update admin',	'2023-10-06 13:57:23',	22,	NULL),
                  (205,	'UPDATE_ADMIN',	17,	'update admin',	'2023-10-06 13:57:23',	25,	NULL),
                  (206,	'UPDATE_ADMIN',	17,	'update admin',	'2023-10-06 13:57:23',	27,	NULL),
                  (207,	'UPDATE_EMPLOYEES',	24,	'update empĺoyee',	'2023-10-06 14:30:27',	12,	NULL),
                  (208,	'UPDATE_EMPLOYEES',	24,	'update empĺoyee',	'2023-10-07 01:43:51',	12,	NULL),
                  (209,	'CREATE_VACANCIES',	24,	'create vacancies',	'2023-10-07 01:44:41',	12,	NULL),
                  (210,	'UPDATE_VACANCIES',	24,	'update vacancies',	'2023-10-07 01:44:58',	12,	NULL),
                  (211,	'UPDATE_EMPLOYEES',	24,	'update empĺoyee',	'2023-10-13 17:29:42',	12,	NULL),
                  (212,	'UPDATE_EMPLOYEES',	24,	'update empĺoyee',	'2023-10-13 17:29:59',	12,	NULL),
                  (213,	'LOGIN',	24,	'novo login usuário funcionário Funcionario Exemplo',	'2023-10-15 01:20:59',	12,	'Funcionario Exemplo'),
                  (214,	'LOGIN',	17,	'novo login usuário administrador: Yuri Pires Alves',	'2023-10-15 01:22:44',	12,	'Yuri Pires Alves'),
                  (215,	'LOGIN',	17,	'novo login usuário administrador: Yuri Pires Alves',	'2023-10-15 01:22:44',	23,	'Yuri Pires Alves'),
                  (216,	'LOGIN',	17,	'novo login usuário administrador: Yuri Pires Alves',	'2023-10-15 01:22:44',	22,	'Yuri Pires Alves'),
                  (217,	'LOGIN',	17,	'novo login usuário administrador: Yuri Pires Alves',	'2023-10-15 01:22:44',	25,	'Yuri Pires Alves'),
                  (218,	'LOGIN',	17,	'novo login usuário administrador: Yuri Pires Alves',	'2023-10-15 01:22:44',	27,	'Yuri Pires Alves'),
                  (219,	'LOGIN',	17,	'novo login usuário administrador: Yuri Pires Alves',	'2023-10-15 01:25:49',	12,	'Yuri Pires Alves'),
                  (220,	'LOGIN',	17,	'novo login usuário administrador: Yuri Pires Alves',	'2023-10-15 01:25:49',	23,	'Yuri Pires Alves'),
                  (221,	'LOGIN',	17,	'novo login usuário administrador: Yuri Pires Alves',	'2023-10-15 01:25:49',	22,	'Yuri Pires Alves'),
                  (222,	'LOGIN',	17,	'novo login usuário administrador: Yuri Pires Alves',	'2023-10-15 01:25:49',	25,	'Yuri Pires Alves'),
                  (223,	'LOGIN',	17,	'novo login usuário administrador: Yuri Pires Alves',	'2023-10-15 01:25:49',	27,	'Yuri Pires Alves');

DROP TABLE IF EXISTS `ongs`;
CREATE TABLE `ongs` (
                    `id` int NOT NULL AUTO_INCREMENT,
                    `id_acting_areas` int DEFAULT NULL,
                    `cnpj` varchar(20) DEFAULT NULL,
                    `email` varchar(255) DEFAULT NULL,
                    `name` varchar(80) DEFAULT NULL,
                    `address` varchar(255) DEFAULT NULL,
                    `phone_number` varchar(20) DEFAULT NULL,
                    `url_image` varchar(255) DEFAULT NULL,
                    `description` longtext,
                    `id_perfil` int DEFAULT NULL,
                    PRIMARY KEY (`id`),
                    UNIQUE KEY `UC_USER_SONG_CNPJ` (`cnpj`),
                    KEY `id_perfil` (`id_perfil`),
                    KEY `ongs_acting_areas_id_fk` (`id_acting_areas`)
) ENGINE=MyISAM DEFAULT CHARSET=utf8mb4 COLLATE=utf8mb4_0900_ai_ci;

INSERT INTO `ongs` (`id`, `id_acting_areas`, `cnpj`, `email`, `name`, `address`, `phone_number`, `url_image`, `description`, `id_perfil`) VALUES
                  (7,	2,	'12.233.639/0001-00',	'strin3434g@gmail.com',	'string',	'ola',	'(35)9953-3434',	'https://images.unsplash.com/photo-1617450365226-9bf28c04e130?ixlib=rb-4.0.3&ixid=M3wxMjA3fDB8MHxwaG90by1wYWdlfHx8fGVufDB8fHx8fA%3D%3D&auto=format&fit=crop&w=1740&q=100',	NULL,	12),
                  (5,	1,	'76.672.067/0001-34',	'yurimanualdomundo@gmail.com',	'songs',	'ddsdd',	'stridddddddng',	'https://images.unsplash.com/photo-1613399421095-41f5c68e9f8c?ixlib=rb-4.0.3&ixid=M3wxMjA3fDB8MHxwaG90by1wYWdlfHx8fGVufDB8fHx8fA%3D%3D&auto=format&fit=crop&w=1738&q=100',	NULL,	4),
                  (6,	1,	'76.672.067/0009-34',	'songs2@gmail.com',	'sonewgs',	'ddsdd',	'stridddddddng',	'https://images.unsplash.com/photo-1535090042247-30387644aec5?ixlib=rb-4.0.3&ixid=M3wxMjA3fDB8MHxwaG90by1wYWdlfHx8fGVufDB8fHx8fA%3D%3D&auto=format&fit=crop&w=1675&q=100',	NULL,	4),
                  (8,	2,	'12.233.617/0001-00',	'strin3434g@gmail.com',	'string',	'ola',	'(35)9953-3434',	'https://images.unsplash.com/photo-1579296440601-efe78a19fa91?ixlib=rb-4.0.3&ixid=M3wxMjA3fDB8MHxwaG90by1wYWdlfHx8fGVufDB8fHx8fA%3D%3D&auto=format&fit=crop&w=1587&q=100',	NULL,	12),
                  (9,	2,	'12.233.619/0001-00',	'strin3434g@gmail.com',	'string',	'ola',	'(35)9953-3434',	'https://images.unsplash.com/photo-1623122617524-18ca7a791c37?ixlib=rb-4.0.3&ixid=M3wxMjA3fDB8MHxwaG90by1wYWdlfHx8fGVufDB8fHx8fA%3D%3D&auto=format&fit=crop&w=1740&q=100',	NULL,	12),
                  (11,	7,	'50.521.489/0001-15',	'alo_uem@gmail.com',	'alô UEM',	'pousada valentim',	'3545466',	'https://images.unsplash.com/photo-1695286060321-208108885bc5?ixlib=rb-4.0.3&ixid=M3wxMjA3fDB8MHxwaG90by1wYWdlfHx8fGVufDB8fHx8fA%3D%3D&auto=format&fit=crop&w=1674&q=100',	'15 conto a hora',	12),
                  (12,	5,	'33.425.435/4354-35',	'nayanebatistaa@gmail.com',	'ONG malucaaa',	'Rua Henri Jean Viana Junior, 476, Maringá - Paraná',	'(44) 99811-3052',	'https://observatorio3setor.org.br/wp-content/uploads/2020/09/316844-P8VCX3-12.jpg',	'nfgj hgfhgfiuh euigfhreiug iurghrueih gh erug hg h huih eruig hregu reug ireigugrue rgereieug ruiegregregru euihuirhiure uiuihruihru rughru hruh ih  ruhurhguh uirhgi uhghr ieaig hh aerhg eriug hre',	17),
                  (23,	1,	'43.454.645/6546-54',	'teste@tes.com',	'teste',	'4353',	'(56) 57678-6486',	'https://observatorio3setor.org.br/wp-content/uploads/2020/09/316844-P8VCX3-12.jpg',	'erggrs',	17),
                  (22,	2,	'76.877.659/8790-87',	'f@f.com',	'Nova ong',	'fsdfdf',	'(54) 35326-5432',	'https://observatorio3setor.org.br/wp-content/uploads/2020/09/316844-P8VCX3-12.jpg',	'fsadgfasgasd',	17),
                  (25,	4,	'65.757.657/6567-57',	'f@f.com',	'f',	'fsdfdf',	'(54) 35326-5432',	'https://observatorio3setor.org.br/wp-content/uploads/2020/09/316844-P8VCX3-12.jpg',	'FDS',	17),
                  (27,	5,	'67.679.096/0659-05',	'e@e.com',	'edu',	'erge',	'(56) 78793-3842',	'https://observatorio3setor.org.br/wp-content/uploads/2020/09/316844-P8VCX3-12.jpg',	'ffgdq',	17);

DROP TABLE IF EXISTS `perfil`;
CREATE TABLE `perfil` (
              `id` int NOT NULL AUTO_INCREMENT,
              `email` varchar(255) DEFAULT NULL,
              `name` varchar(80) DEFAULT NULL,
              `password` varchar(100) DEFAULT NULL,
              `document` varchar(60) DEFAULT NULL,
              `type_perfil` varchar(5) DEFAULT NULL,
              `birth_date` date DEFAULT NULL,
              `sex` char(1) DEFAULT NULL,
              `ong_employee` int DEFAULT NULL,
              `image_url` varchar(100) DEFAULT NULL,
              PRIMARY KEY (`id`)
) ENGINE=MyISAM DEFAULT CHARSET=utf8mb4 COLLATE=utf8mb4_0900_ai_ci;

INSERT INTO `perfil` (`id`, `email`, `name`, `password`, `document`, `type_perfil`, `birth_date`, `sex`, `ong_employee`, `image_url`) VALUES
                      (4,	'johnwill.v.2017@gmail.com',	'john william',	'$2a$10$yn3NjZbRnqOLFjY32NPp4epYlxzO0VktCPoBp73RjLDHrZ.QFdrMW',	'810.952.270-09',	'A',	NULL,	NULL,	NULL,	NULL),
                      (12,	'johnwill.v.20177@gmail.com',	'john william 2017',	'$2a$10$gpUuLcV36W4o1lJedGhdgOVAmmTXPLV90qvxfOdltRhPj8mB6GnMu',	'810.952.270-09',	'A',	NULL,	NULL,	NULL,	NULL),
                      (13,	'string@gmail.com',	'yuyu',	'$2a$10$.bAArGV2hZ8WGjLEL7T.6.MF5v4wxF/pUGAhPwOf71TbfEliV5NeC',	'401.276.900-69',	'E',	'2023-09-30',	'\0',	5,	NULL),
                      (14,	'yuri@gmail.com',	'Yuri',	'$2a$10$kfqwmrtCxblvgW9EnaHOLObYUCpFkw8q1ZyaYMobLm8C/0Zk/.PQu',	'441.032.158-79',	'A',	NULL,	NULL,	NULL,	NULL),
                      (15,	'yuri@oi.com',	'string',	'$2a$10$U.W/9CFA8KR2iRQMw42ihenWujJRTZt/C9MOzfUBBqScW0sYPcEEi',	'441.032.158-79',	'A',	NULL,	NULL,	NULL,	NULL),
                      (16,	'yurimanualdomundo@gmail.com',	'Yuri Pires Alves',	'$2a$10$Yf53LUC7Yh8wKb4VwWqfieX0IDMzZig951uiszmYj1CaO.YzgN.Pu',	'441.032.158-79',	'A',	NULL,	NULL,	NULL,	NULL),
                      (17,	'yuripiresalves@gmail.com',	'Yuri Pires Alves',	'$2a$10$vXhM2iREIyPtsfUZdyfl.uE5Tswbmj6vb7o6eNkFWUZGzq5at38i2',	'441.032.158-71',	'A',	NULL,	NULL,	NULL,	NULL),
                      (18,	'yurimanualdomundo@gmail.com',	'Yuri',	'$2a$10$rBd3mTIutIt2k4TbdclYPO/eu0MShXArPtqRBnLAHNsOOGeQlMwla',	'441.032.158-79',	'A',	NULL,	NULL,	NULL,	NULL),
                      (19,	'yurimanualdomundoo@gmail.com',	'Yuri',	'$2a$10$ZFPG5Oj4nzAwW9/7Xx/.7uBRzj.RrpNPGKjmjIKm4qPxWCNw.Yg3S',	'441.032.158-79',	'A',	NULL,	NULL,	NULL,	NULL),
                      (20,	'yurimanualdomundao@gmail.com',	'Yuri',	'$2a$10$xSouUfvC2TmnAf.AEPRY1ewcv0a4Fbwqutp0wseajj3r7YyvTQ7Jq',	'441.032.158-79',	'A',	NULL,	NULL,	NULL,	NULL),
                      (21,	'yuripiresalves@gmail.co',	'Yuri Pires Alves',	'$2a$10$OpuD27B/YOiONDswoUUewuNEQEsRYRXx3RVc.PMF.EWb0DxW8598m',	'441.032.158-79',	'A',	NULL,	NULL,	NULL,	NULL),
                      (24,	'yuri@email.com',	'Funcionario Exemplo',	'$2a$10$MgjxmTOTC8pWeoCEQbjpleA5CYkaZ/4Xb4EdEzrK5.8Ot9bRZF.Pu',	'546.354.654-65',	'E',	'2001-07-10',	'M',	12,	NULL),
                      (28,	'fu@lano.com',	'Fulano da Silva',	'$2a$10$bPBEFh41tCyIhCeIAMwlvez56v/m0hgmeewUPhBCWK23CicqynWqe',	'950.846.954-68',	'E',	'2001-01-12',	'F',	12,	NULL),
                      (27,	'yurimanualdomundoooo@gmail.com',	'Yuri',	'$2a$10$Dn3DUQuYLNJwQd/gieTS7eciKFQ/RUr.FCoS.AssXvtylgsFMroP6',	'563.467.576-57',	'E',	NULL,	'M',	5,	NULL);

DROP TABLE IF EXISTS `vacancies`;
CREATE TABLE `vacancies` (
                 `id` int NOT NULL AUTO_INCREMENT,
                 `id_ong` int NOT NULL,
                 `title` varchar(50) DEFAULT NULL,
                 `description` varchar(500) DEFAULT NULL,
                 `qtd_vacacies` int DEFAULT NULL,
                 `created_on` timestamp NULL DEFAULT NULL,
                 `last_updated_on` timestamp NULL DEFAULT NULL,
                 PRIMARY KEY (`id`),
                 KEY `vacancies_ongs_id_fk` (`id_ong`)
) ENGINE=MyISAM DEFAULT CHARSET=utf8mb4 COLLATE=utf8mb4_0900_ai_ci;

INSERT INTO `vacancies` (`id`, `id_ong`, `title`, `description`, `qtd_vacacies`, `created_on`, `last_updated_on`) VALUES
                  (1,	5,	'dev backend songs',	'Administração de banco de dados,Análise de sistemas,Análise e desenvolvimento de sistemas,Análise e desenvolvimento de sistemas,Bacharelado em Física,Banco de dados,Ciências da computação,Ciências de Dados,Ciências e Tecnologia,Computação,Computação e informática,Computação gráfica,Comunicação em computação gráfica,Defesa cibernética,Desenvolvimento de aplicações p',	4,	NULL,	NULL),
                  (2,	5,	'dev backend songs',	'Administração de banco de dados,Análise de sistemas,Análise e desenvolvimento de sistemas,Análise e desenvolvimento de sistemas,Bacharelado em Física,Banco de dados,Ciências da computação,Ciências de Dados,Ciências e Tecnologia,Computação,Computação e informática,Computação gráfica,Comunicação em computação gráfica,Defesa cibernética,Desenvolvimento de aplicações p',	4,	NULL,	NULL),
                  (4,	5,	'string',	'stringsddsdssd',	0,	'2023-09-30 23:25:46',	'2023-09-30 23:25:46'),
                  (5,	11,	'PHP junbior',	'usar laravel test',	0,	NULL,	'2023-10-01 16:41:46'),
                  (8,	12,	'Cuidador de animais',	'freihf hgfreuh rueh gre hre9g hre9ghe9ge gh e heuh eheeghre req gre reg e egfdg',	1,	NULL,	'2023-10-03 14:09:56'),
                  (23,	12,	'nova',	'vaga',	1,	'2023-10-05 18:24:08',	'2023-10-05 18:24:08'),
                  (17,	5,	'teste',	'ffgd',	1,	'2023-10-03 20:13:35',	'2023-10-03 20:13:35'),
                  (21,	12,	'takayoshi',	'ohmura',	1,	'2023-10-05 18:22:14',	'2023-10-05 18:22:14'),
                  (22,	12,	'wer',	'12',	2,	'2023-10-05 18:23:19',	'2023-10-05 18:23:19'),
                  (14,	12,	'BABYMETAL',	'YUIIII CHAN',	123,	NULL,	'2023-10-05 18:08:56'),
                  (25,	12,	'vaguinha',	'fwef',	1,	'2023-10-05 20:01:16',	'2023-10-05 20:01:16'),
                  (26,	12,	'edu',	'falasquii',	7,	NULL,	'2023-10-07 01:44:58');

-- 2023-10-16 11:28:39
